RULE,Waivable,rule_letter,category,COUNT 1, COUNT 2
MR_dnwell.2,no,M,drcmr,0,0
MR_nwell.1,no,M,drcmr,0,0
MR_nwell.2a,no,M,drcmr,0,0
MR_hvtp.1,no,M,drcmr,0,0
MR_hvtp.2,no,M,drcmr,0,0
MR_hvtr.1,no,M,drcmr,0,0
MR_hvtr.2,no,M,drcmr,0,0
MR_hvtr.2_a,no,M,drcmr,0,0
MR_lvtn.1a,no,M,drcmr,0,0
MR_lvtn.2,no,M,drcmr,0,0
MR_ncm.1,no,M,drcmr,0,0
MR_ncm.2a,no,M,drcmr,0,0
MR_difftap.1,no,M,drcmr,0,0
MR_difftap.1_a,no,M,drcmr,0,0
MR_difftap.1_b,no,M,drcmr,0,0
MR_difftap.1_c,no,M,drcmr,0,0
MR_difftap.3,no,M,drcmr,0,0
MR_tunm.1,no,M,drcmr,0,0
MR_tunm.2,no,M,drcmr,0,0
MR_poly.1a,no,M,drcmr,0,0
MR_poly.2,no,M,drcmr,0,0
MR_rpm.1a,no,M,drcmr,0,0
MR_rpm.2,no,M,drcmr,0,0
MR_urpm.1a,no,M,drcmr,0,0
MR_urpm.2,no,M,drcmr,0,0
MR_npc.1,no,M,drcmr,0,0
MR_npc.2,no,M,drcmr,0,0
MR_licon.1,no,M,drcmr,0,0
MR_licon.1_a,no,M,drcmr,0,0
MR_licon.1_b,no,M,drcmr,0,0
MR_licon.13,no,M,drcmr,0,0
MR_licon.13_a,no,M,drcmr,0,0
MR_licon.17,no,M,drcmr,0,0
MR_li.1,no,M,drcmr,0,0
MR_li.3,no,M,drcmr,0,0
MR_li.5,no,M,drcmr,0,0
MR_li.6,no,M,drcmr,0,0
MR_ct.1,no,M,drcmr,0,0
MR_ct.1_a,no,M,drcmr,0,0
MR_ct.1_b,no,M,drcmr,0,0
MR_ct.2,no,M,drcmr,0,0
MR_ct.3,no,M,drcmr,0,0
MR_ct.3_a,no,M,drcmr,0,0
MR_ct.3_b,no,M,drcmr,0,0
MR_ct.4,no,M,drcmr,0,0
MR_capm.1,no,M,drcmr,0,0
MR_capm.2a,no,M,drcmr,0,0
MR_capm.2b,no,M,drcmr,0,0
MR_capm.2b_a,no,M,drcmr,0,0
MR_capm.3,no,M,drcmr,0,0
MR_capm.4,no,M,drcmr,0,0
MR_capm.5,no,M,drcmr,0,0
MR_cap2m.1,no,M,drcmr,0,0
MR_cap2m.2a,no,M,drcmr,0,0
MR_cap2m.2b,no,M,drcmr,0,0
MR_cap2m.2b_a,no,M,drcmr,0,0
MR_cap2m.3,no,M,drcmr,0,0
MR_cap2m.4,no,M,drcmr,0,0
MR_cap2m.5,no,M,drcmr,0,0
MR_m1.1,no,M,drcmr,0,0
MR_m1.2,no,M,drcmr,0,0
MR_m1.3b,no,M,drcmr,0,0
MR_m1.3a,no,M,drcmr,0,0
MR_791_m1.4,no,M,drcmr,0,0
MR_m1.4,no,M,drcmr,0,0
MR_m1.4a,no,M,drcmr,0,0
MR_m1.4a_a,no,M,drcmr,0,0
MR_m1.5,no,M,drcmr,0,0
MR_m1.6,no,M,drcmr,0,0
MR_m1.7,no,M,drcmr,0,0
MR_m1.7_a,no,M,drcmr,0,0
MR_via.1a,no,M,drcmr,0,0
MR_via.1a_a,no,M,drcmr,0,0
MR_via.1a_b,no,M,drcmr,0,0
MR_via.2,no,M,drcmr,0,0
MR_via.3,no,M,drcmr,0,0
MR_via.3_a,no,M,drcmr,0,0
MR_via.3_b,no,M,drcmr,0,0
MR_via.4a,no,M,drcmr,0,0
MR_via.4a_a,no,M,drcmr,0,0
MR_via.5a,no,M,drcmr,0,0
MR_m2.1,no,M,drcmr,0,0
MR_m2.2,no,M,drcmr,0,0
MR_m2.3b,no,M,drcmr,0,0
MR_m2.3a,no,M,drcmr,0,0
MR_m2.4,no,M,drcmr,0,0
MR_m2.4_a,no,M,drcmr,0,0
MR_m2.5,no,M,drcmr,0,0
MR_m2.6,no,M,drcmr,0,0
MR_m2.7,no,M,drcmr,0,0
MR_m2.7_a,no,M,drcmr,0,0
MR_via2.1a,no,M,drcmr,0,0
MR_via2.1a_a,no,M,drcmr,0,0
MR_via2.1a_b,no,M,drcmr,0,0
MR_via2.2,no,M,drcmr,0,0
MR_via2.3,no,M,drcmr,0,0
MR_via2.3_a,no,M,drcmr,0,0
MR_via2.3_b,no,M,drcmr,0,0
MR_via2.4,no,M,drcmr,0,0
MR_via2.4_a,no,M,drcmr,0,0
MR_via2.5,no,M,drcmr,0,0
MR_m3.1,no,M,drcmr,0,0
MR_m3.2,no,M,drcmr,0,0
MR_m3.4,no,M,drcmr,0,0
MR_m3.4_a,no,M,drcmr,0,0
MR_m3.3d,no,M,drcmr,0,0
MR_m3.3c,no,M,drcmr,0,0
MR_via3.1,no,M,drcmr,0,0
MR_via3.1_a,no,M,drcmr,0,0
MR_via3.1_b,no,M,drcmr,0,0
MR_via3.2,no,M,drcmr,0,0
MR_via3.4,no,M,drcmr,0,0
MR_via3.4_a,no,M,drcmr,0,0
MR_via3.5,no,M,drcmr,0,0
MR_m4.1,no,M,drcmr,0,0
MR_m4.2,no,M,drcmr,0,0
MR_m4.3,no,M,drcmr,0,0
MR_m4.3_a,no,M,drcmr,0,0
MR_m4.4a,no,M,drcmr,0,0
MR_m4.5b,no,M,drcmr,0,0
MR_m4.5a,no,M,drcmr,0,0
MR_via4.1,no,M,drcmr,0,0
MR_via4.1_a,no,M,drcmr,0,0
MR_via4.1_b,no,M,drcmr,0,0
MR_via4.2,no,M,drcmr,0,0
MR_via4.3,no,M,drcmr,0,0
MR_via4.3_a,no,M,drcmr,0,0
MR_via4.3_b,no,M,drcmr,0,0
MR_via4.4,no,M,drcmr,0,0
MR_via4.4_a,no,M,drcmr,0,0
MR_m5.1,no,M,drcmr,0,0
MR_m5.2,no,M,drcmr,0,0
MR_m5.3,no,M,drcmr,0,0
MR_m5.3_a,no,M,drcmr,0,0
MR_m5.4,no,M,drcmr,0,0
MR_pad.2,no,M,drcmr,0,0
MR_hvi.1,no,M,drcmr,0,0
MR_hvi.2a,no,M,drcmr,0,0
MR_hvntm.1,no,M,drcmr,0,0
MR_hvntm.2,no,M,drcmr,0,0
MR_cfom.waffle.1,no,M,drcmr,0,0
MR_cfom.waffle.2,no,M,drcmr,0,0
MR_cfom.waffle.2a,no,M,drcmr,0,0
MR_cp1m.waffle.1,no,M,drcmr,0,0
MR_cp1m.waffle.2a,no,M,drcmr,0,0
MR_li1m.waffle.1,no,M,drcmr,0,0
MR_li1m.waffle.2a,no,M,drcmr,0,0
MR_cmm1.waffle.1,no,M,drcmr,0,0
MR_cmm1.waffle.2,no,M,drcmr,0,0
MR_cmm2.waffle.1,no,M,drcmr,0,0
MR_cmm2.waffle.2,no,M,drcmr,0,0
MR_cmm3.waffle.1,no,M,drcmr,0,0
MR_cmm3.waffle.2,no,M,drcmr,0,0
MR_cmm4.waffle.1,no,M,drcmr,0,0
MR_cmm4.waffle.2,no,M,drcmr,0,0
MR_cmm5.waffle.1,no,M,drcmr,0,0
MR_cmm5.waffle.2,no,M,drcmr,0,0
MR_cfom.pd.1d,no,M,drcmr,0,0
MR_cfom.pd.1e,no,M,drcmr,0,0
MR_cli1m.4,no,M,drcmr,0,0
MR_cli1m.5,no,M,drcmr,0,0
MR_cmm1.pd.3,no,M,drcmr,0,0
MR_cmm1.pd.4,no,M,drcmr,0,0
MR_cmm2.pd.3,no,M,drcmr,0,0
MR_cmm2.pd.4,no,M,drcmr,0,0
MR_cmm3.pd.3,no,M,drcmr,0,0
MR_cmm3.pd.4,no,M,drcmr,0,0
MR_cmm4.pd.3,no,M,drcmr,0,0
MR_cmm4.pd.4,no,M,drcmr,0,0
MR_cmm5.pd.4,no,M,drcmr,0,0
MR_cmm5.pd.5,no,M,drcmr,0,0
